SkipCount,SongName
2,"Material Girl"
2,Thunderstruck
1,Patience
1,Nightmare
1,Lump
1,"Thrash Unreal"
1,"Somewhere On Fullerton"
1,Daylight
1,Closer
1,"Lights - Single Version"
1,"American Girl"
1,"Regret - 2015 Remastered Version"
1,Saeed
1,"The Recluse"
1,"Homemade Valentine"
1,"Escape From The City ...for City Escape"
1,"Remember The Name (feat. Styles Of Beyond)"
1,Idioteque
1,Borderline
1,"Everything She Wants"
1,"Shut Up!"
1,"Right Now"
1,"Lay All Your Love On Me"
1,"Dirty Little Secret"
1,"Sell Out"
1,"Golden Touch - Full Length"
1,CORE
1,"GhettoMusick - Club Mix"
1,"Death from Above"
1,"Shia LaBeouf Live"
1,"Endlich Ein Grund Zur Panik"
1,Boxer
1,"Two Worlds"
1,"(The Ballad Of) Sharknado"
1,"One Week"
1,"Cruel To Be Kind"
1,"Get Me Right"
1,"First Time"
1,"Sexualizer (feat. Flash Arnold)"
1,"Shout, Pts. 1 & 2"
1,"Pokemon Theme"
1,"This Is My Head Exploding"
1,"Just Awake"
1,"Goodbye Summer, Hello Winter"
1,"The God I Know"
1,"The Primordial Booze"
1,"Map Of The Problematique"
1,"Line in the Sand"
1,"Bota Shqipetare"
1,"Chains Of Love"
1,"Stand - Remastered"
1,"My Own Worst Enemy"
1,"Breakfast In America - Remastered"
1,"Big Machine"
1,"When I Grow Up"
1,Devour
1,"Youth Of The Nation"
1,"I Feel So"
1,"Call Me Maybe"
1,Savior
1,"Move Your Body"
1,"Nothing To Fear (But Fear Itself)"
1,"Mexican Radio"
